{
  "pearson_correlation_price_rating": 0.006720963743023579,
  "n_points": 30000,
  "mean_price": 102.14333833333335,
  "mean_rating": 4.43115
}