{
  "pearson_correlation_price_rating": 0.00316232997996271,
  "n_points": 30000,
  "mean_price": 102.08948733333334,
  "mean_rating": 4.427943333333333
}